architecture,target,event,occurrence,event_label,attempted_runs,event_matched_runs,actual_injections,not_reached_runs,matched_but_not_triggered_runs,drained_after_injection,faults_after_injection,no_result_runs,halt_recovered_runs,failure_probability_given_injection,fault_reasons,median_event_match_mission_ms,median_halt_start_after_event_ms,requested_duration_ms,median_actual_down_ms,median_drained_mission_ms,median_drained_completion_delta_ms,median_impact_ratio_drained,baseline_successes,baseline_attempts,baseline_failures,baseline_success_rate,baseline_median_ms,baseline_mean_ms,baseline_stdev_ms,baseline_mad_ms,baseline_noise_band_ms,drained_impact_exceeds_noise_band
CENTRALISED,COORDINATOR,BATCH_ACCEPTED,1,after_valid_B2_acceptance,20,20,20,0,0,20,0,0,20,0.0,,0.07375000000000001,0.0,500,500.8216,14990.8549,1162.5029000000013,2.3211916179334144,10,11,1,0.9090909090909091,13828.351999999999,12805.12408,1872.741687385471,478.1613500000003,3745.483374770942,0
CENTRALISED,COORDINATOR,LOADER_DONE,1,after_first_bottle_admitted,20,20,20,0,0,19,1,0,20,0.05,TABLE_ALIGNMENT_TIMEOUT:1,1039.4795,0.0,500,500.63485000000003,10653.4159,-3174.936099999999,-6.341819991157226,10,11,1,0.9090909090909091,13828.351999999999,12805.12408,1872.741687385471,478.1613500000003,3745.483374770942,0
CENTRALISED,COORDINATOR,CONVEYOR_DONE,1,after_first_bottle_transfer_to_rotary,20,20,20,0,0,17,3,0,20,0.15,TABLE_ALIGNMENT_TIMEOUT:3,2058.5281999999997,0.0,500,501.03175,10673.1288,-3155.2231999999985,-6.297451608605639,10,11,1,0.9090909090909091,13828.351999999999,12805.12408,1872.741687385471,478.1613500000003,3745.483374770942,0
CENTRALISED,COORDINATOR,TABLE_ALIGNED,1,after_first_confirmed_rotation,20,16,16,4,0,16,0,0,16,0.0,,2572.31405,0.0,500,501.01014999999995,10657.0475,-3171.3044999999993,-6.329820862910661,10,11,1,0.9090909090909091,13828.351999999999,12805.12408,1872.741687385471,478.1613500000003,3745.483374770942,0
CENTRALISED,COORDINATOR,FILLER_DONE,1,after_first_bottle_fill,20,16,16,4,0,12,4,0,16,0.25,TABLE_ALIGNMENT_TIMEOUT:4,3594.9377000000004,0.0,500,500.73900000000003,10674.297050000001,-3154.054949999999,-6.298800273196213,10,11,1,0.9090909090909091,13828.351999999999,12805.12408,1872.741687385471,478.1613500000003,3745.483374770942,0
CENTRALISED,COORDINATOR,LID_DONE,1,after_first_bottle_lid,20,16,16,4,0,12,4,0,16,0.25,TABLE_ALIGNMENT_TIMEOUT:4,5204.819149999999,0.0,500,500.6087,10170.0449,-3658.307099999999,-7.307717784369307,10,11,1,0.9090909090909091,13828.351999999999,12805.12408,1872.741687385471,478.1613500000003,3745.483374770942,0
CENTRALISED,COORDINATOR,CAPPER_DONE,1,after_first_bottle_cap,20,17,17,3,0,17,0,0,17,0.0,,6762.2764,0.0,500,500.7519,10674.8972,-3153.4547999999995,-6.297439510464163,10,11,1,0.9090909090909091,13828.351999999999,12805.12408,1872.741687385471,478.1613500000003,3745.483374770942,0
CENTRALISED,COORDINATOR,LABELLER_DONE,1,after_first_bottle_label,20,17,17,3,0,17,0,0,17,0.0,,8986.4265,0.0,500,500.8927,10687.8352,-3140.5167999999994,-6.269839428684026,10,11,1,0.9090909090909091,13828.351999999999,12805.12408,1872.741687385471,478.1613500000003,3745.483374770942,0
CENTRALISED,COORDINATOR,UNLOADER_DONE,1,after_first_bottle_completion,20,16,16,4,0,16,0,0,16,0.0,,10090.8335,0.0,500,500.7659,10671.2102,-3157.1417999999994,-6.304626173627237,10,11,1,0.9090909090909091,13828.351999999999,12805.12408,1872.741687385471,478.1613500000003,3745.483374770942,0
CENTRALISED,COORDINATOR,LOADER_DONE,2,after_second_bottle_admitted,20,17,17,3,0,17,0,0,17,0.0,,3593.0987,0.0,500,500.9035,10677.0719,-3151.280099999998,-6.291192016027035,10,11,1,0.9090909090909091,13828.351999999999,12805.12408,1872.741687385471,478.1613500000003,3745.483374770942,0
CENTRALISED,COORDINATOR,CONVEYOR_DONE,2,after_second_bottle_transfer_to_rotary,20,19,19,1,0,17,2,0,19,0.10526315789473684,TABLE_ALIGNMENT_TIMEOUT:2,4620.0936,0.0,500,500.8972,10681.4064,-3146.945599999999,-6.2826176708514225,10,11,1,0.9090909090909091,13828.351999999999,12805.12408,1872.741687385471,478.1613500000003,3745.483374770942,0
CENTRALISED,COORDINATOR,FILLER_DONE,2,after_second_bottle_fill,20,19,19,1,0,18,1,0,19,0.05263157894736842,TABLE_ALIGNMENT_TIMEOUT:1,6168.0107,0.0,500,500.7709,10684.908599999999,-3143.443399999999,-6.277208599780857,10,11,1,0.9090909090909091,13828.351999999999,12805.12408,1872.741687385471,478.1613500000003,3745.483374770942,0
CENTRALISED,COORDINATOR,TABLE_ALIGNED,3,after_third_confirmed_rotation,20,20,20,0,0,20,0,0,20,0.0,,6682.2384999999995,0.0,500,500.6723,10683.89235,-3144.459649999999,-6.280474573887948,10,11,1,0.9090909090909091,13828.351999999999,12805.12408,1872.741687385471,478.1613500000003,3745.483374770942,0
CENTRALISED,COORDINATOR,TABLE_ALIGNED,5,after_fifth_confirmed_rotation,20,15,15,5,0,15,0,0,15,0.0,,8913.4915,0.0,500,500.567,10684.7521,-3143.5998999999993,-6.280078191331029,10,11,1,0.9090909090909091,13828.351999999999,12805.12408,1872.741687385471,478.1613500000003,3745.483374770942,0
DECOMPOSED_3CD,BATCH,BATCH_ACCEPTED,1,after_valid_B2_acceptance,20,20,20,0,0,19,1,0,20,0.05,TABLE_ALIGNMENT_TIMEOUT:1,0.0723,0.0,500,500.58934999999997,10174.9777,-4171.003800000002,-8.332186451829234,10,10,0,1.0,14345.981500000002,14290.52824,201.21850869430045,13.155249999999796,402.4370173886009,1
DECOMPOSED_3CD,BATCH,LOADER_DONE,1,after_first_bottle_admitted,20,20,20,0,0,19,1,0,20,0.05,TABLE_ALIGNMENT_TIMEOUT:1,1037.24385,0.0,500,500.98245,10187.1909,-4158.790600000002,-8.301270034509198,10,10,0,1.0,14345.981500000002,14290.52824,201.21850869430045,13.155249999999796,402.4370173886009,1
DECOMPOSED_3CD,BATCH,CONVEYOR_DONE,1,after_first_bottle_transfer_to_rotary,20,20,20,0,0,17,3,0,20,0.15,TABLE_ALIGNMENT_TIMEOUT:3,2060.24325,0.0,500,500.6574,10188.3741,-4157.607400000001,-8.304296311210022,10,10,0,1.0,14345.981500000002,14290.52824,201.21850869430045,13.155249999999796,402.4370173886009,1
DECOMPOSED_3CD,BATCH,TABLE_ALIGNED,1,after_first_confirmed_rotation,20,19,19,1,0,17,2,0,19,0.10526315789473684,TABLE_ALIGNMENT_TIMEOUT:2,2575.075,0.0,500,500.735,10186.927,-4159.054500000002,-8.305899327987861,10,10,0,1.0,14345.981500000002,14290.52824,201.21850869430045,13.155249999999796,402.4370173886009,1
DECOMPOSED_3CD,BATCH,FILLER_DONE,1,after_first_bottle_fill,20,19,19,1,0,18,1,0,19,0.05263157894736842,TABLE_ALIGNMENT_TIMEOUT:1,3602.1267,0.0,500,500.8553,10192.6659,-4153.315600000001,-8.29244614163013,10,10,0,1.0,14345.981500000002,14290.52824,201.21850869430045,13.155249999999796,402.4370173886009,1
DECOMPOSED_3CD,BATCH,LID_DONE,1,after_first_bottle_lid,20,18,18,2,0,15,3,0,18,0.16666666666666666,TABLE_ALIGNMENT_TIMEOUT:3,5207.6243,0.0,500,501.05275,10184.332,-4161.649500000001,-8.305811114698006,10,10,0,1.0,14345.981500000002,14290.52824,201.21850869430045,13.155249999999796,402.4370173886009,1
DECOMPOSED_3CD,BATCH,CAPPER_DONE,1,after_first_bottle_cap,20,18,18,2,0,17,1,0,18,0.05555555555555555,TABLE_ALIGNMENT_TIMEOUT:1,6764.90815,0.0,500,501.1893,10185.3142,-4160.667300000001,-8.301588441732497,10,10,0,1.0,14345.981500000002,14290.52824,201.21850869430045,13.155249999999796,402.4370173886009,1
DECOMPOSED_3CD,BATCH,LABELLER_DONE,1,after_first_bottle_label,20,15,15,5,0,15,0,0,15,0.0,,8980.7991,0.0,500,500.8404,10187.1025,-4158.879000000001,-8.303800971327394,10,10,0,1.0,14345.981500000002,14290.52824,201.21850869430045,13.155249999999796,402.4370173886009,1
DECOMPOSED_3CD,BATCH,UNLOADER_DONE,1,after_first_bottle_completion,20,17,17,3,0,17,0,0,17,0.0,,10086.6919,0.0,500,500.5752,10590.9294,-3755.052100000001,-7.501474503730909,10,10,0,1.0,14345.981500000002,14290.52824,201.21850869430045,13.155249999999796,402.4370173886009,1
DECOMPOSED_3CD,BATCH,LOADER_DONE,2,after_second_bottle_admitted,20,18,18,2,0,15,3,0,18,0.16666666666666666,TABLE_ALIGNMENT_TIMEOUT:3,3592.1969,0.0,500,500.7514,10190.9824,-4154.999100000001,-8.297528673908852,10,10,0,1.0,14345.981500000002,14290.52824,201.21850869430045,13.155249999999796,402.4370173886009,1
DECOMPOSED_3CD,BATCH,CONVEYOR_DONE,2,after_second_bottle_transfer_to_rotary,20,19,19,1,0,19,0,0,19,0.0,,4621.2341,0.0,500,500.538,10186.5733,-4159.408200000002,-8.309874974527412,10,10,0,1.0,14345.981500000002,14290.52824,201.21850869430045,13.155249999999796,402.4370173886009,1
DECOMPOSED_3CD,BATCH,FILLER_DONE,2,after_second_bottle_fill,20,18,18,2,0,18,0,0,18,0.0,,6166.8893499999995,0.0,500,500.87390000000005,10189.485850000001,-4156.495650000002,-8.298487204064738,10,10,0,1.0,14345.981500000002,14290.52824,201.21850869430045,13.155249999999796,402.4370173886009,1
DECOMPOSED_3CD,BATCH,TABLE_ALIGNED,3,after_third_confirmed_rotation,20,18,18,2,0,18,0,0,18,0.0,,6683.9662499999995,0.0,500,500.58315,10190.659899999999,-4155.321600000002,-8.30096178826635,10,10,0,1.0,14345.981500000002,14290.52824,201.21850869430045,13.155249999999796,402.4370173886009,1
DECOMPOSED_3CD,BATCH,TABLE_ALIGNED,5,after_fifth_confirmed_rotation,20,16,16,4,0,16,0,0,16,0.0,,8908.8613,0.0,500,500.80145,10179.472300000001,-4166.509200000001,-8.319682780471185,10,10,0,1.0,14345.981500000002,14290.52824,201.21850869430045,13.155249999999796,402.4370173886009,1
DECOMPOSED_3CD,PRODUCTION,BATCH_ACCEPTED,1,after_valid_B2_acceptance,20,20,20,0,0,15,5,0,20,0.25,TABLE_ALIGNMENT_TIMEOUT:5,0.0683,0.0,500,500.66875000000005,10675.8425,-3670.139000000001,-7.330473491704846,10,10,0,1.0,14345.981500000002,14290.52824,201.21850869430045,13.155249999999796,402.4370173886009,1
DECOMPOSED_3CD,PRODUCTION,LOADER_DONE,1,after_first_bottle_admitted,20,20,20,0,0,14,6,0,20,0.3,TABLE_ALIGNMENT_TIMEOUT:6,1035.81395,0.0,500,500.8603,10676.4529,-3669.5286000000015,-7.326451307879665,10,10,0,1.0,14345.981500000002,14290.52824,201.21850869430045,13.155249999999796,402.4370173886009,1
DECOMPOSED_3CD,PRODUCTION,CONVEYOR_DONE,1,after_first_bottle_transfer_to_rotary,20,20,20,0,0,13,7,0,20,0.35,TABLE_ALIGNMENT_TIMEOUT:7,2060.7045,0.0,500,500.72785,10683.3896,-3662.5919000000013,-7.314536029901276,10,10,0,1.0,14345.981500000002,14290.52824,201.21850869430045,13.155249999999796,402.4370173886009,1
DECOMPOSED_3CD,PRODUCTION,TABLE_ALIGNED,1,after_first_confirmed_rotation,20,19,19,1,0,19,0,0,19,0.0,,2574.7669,0.0,500,500.5365,10681.7437,-3664.237800000001,-7.320620574123967,10,10,0,1.0,14345.981500000002,14290.52824,201.21850869430045,13.155249999999796,402.4370173886009,1
DECOMPOSED_3CD,PRODUCTION,FILLER_DONE,1,after_first_bottle_fill,20,15,15,5,0,14,1,0,15,0.06666666666666667,TABLE_ALIGNMENT_TIMEOUT:1,3600.3662,0.0,500,500.5721,10684.6896,-3661.291900000002,-7.3142148753396405,10,10,0,1.0,14345.981500000002,14290.52824,201.21850869430045,13.155249999999796,402.4370173886009,1
DECOMPOSED_3CD,PRODUCTION,LID_DONE,1,after_first_bottle_lid,20,16,16,4,0,15,1,0,16,0.0625,TABLE_ALIGNMENT_TIMEOUT:1,5211.9688,0.0,500,500.71205,10181.856,-4164.125500000002,-8.316407603931246,10,10,0,1.0,14345.981500000002,14290.52824,201.21850869430045,13.155249999999796,402.4370173886009,1
DECOMPOSED_3CD,PRODUCTION,CAPPER_DONE,1,after_first_bottle_cap,20,18,18,2,0,17,1,0,18,0.05555555555555555,TABLE_ALIGNMENT_TIMEOUT:1,6766.7293,0.0,500,500.8858,10683.3033,-3662.678200000002,-7.312401749061367,10,10,0,1.0,14345.981500000002,14290.52824,201.21850869430045,13.155249999999796,402.4370173886009,1
DECOMPOSED_3CD,PRODUCTION,LABELLER_DONE,1,after_first_bottle_label,20,19,19,1,0,19,0,0,19,0.0,,8976.6338,0.0,500,500.7748,10677.5652,-3668.4163000000026,-7.325481034588806,10,10,0,1.0,14345.981500000002,14290.52824,201.21850869430045,13.155249999999796,402.4370173886009,1
DECOMPOSED_3CD,PRODUCTION,UNLOADER_DONE,1,after_first_bottle_completion,20,17,17,3,0,17,0,0,17,0.0,,10085.36,0.0,500,501.1135,10670.4283,-3675.553200000002,-7.3347718630609675,10,10,0,1.0,14345.981500000002,14290.52824,201.21850869430045,13.155249999999796,402.4370173886009,1
DECOMPOSED_3CD,PRODUCTION,LOADER_DONE,2,after_second_bottle_admitted,20,17,17,3,0,16,1,0,17,0.058823529411764705,TABLE_ALIGNMENT_TIMEOUT:1,3592.0176,0.0,500,500.8073,10676.26235,-3669.7191500000017,-7.327607145502874,10,10,0,1.0,14345.981500000002,14290.52824,201.21850869430045,13.155249999999796,402.4370173886009,1
DECOMPOSED_3CD,PRODUCTION,CONVEYOR_DONE,2,after_second_bottle_transfer_to_rotary,20,20,20,0,0,17,3,0,20,0.15,TABLE_ALIGNMENT_TIMEOUT:3,4624.13115,0.0,500,500.948,10685.4913,-3660.490200000002,-7.307126088935383,10,10,0,1.0,14345.981500000002,14290.52824,201.21850869430045,13.155249999999796,402.4370173886009,1
DECOMPOSED_3CD,PRODUCTION,FILLER_DONE,2,after_second_bottle_fill,20,17,17,3,0,16,1,0,17,0.058823529411764705,TABLE_ALIGNMENT_TIMEOUT:1,6166.845,0.0,500,501.1797,10687.13205,-3658.8494500000015,-7.300474161263916,10,10,0,1.0,14345.981500000002,14290.52824,201.21850869430045,13.155249999999796,402.4370173886009,1
DECOMPOSED_3CD,PRODUCTION,TABLE_ALIGNED,3,after_third_confirmed_rotation,20,20,20,0,0,16,4,0,20,0.2,TABLE_ALIGNMENT_TIMEOUT:4,6684.382250000001,0.0,500,500.64175,10688.5905,-3657.3910000000014,-7.3054055120253185,10,10,0,1.0,14345.981500000002,14290.52824,201.21850869430045,13.155249999999796,402.4370173886009,1
DECOMPOSED_3CD,PRODUCTION,TABLE_ALIGNED,5,after_fifth_confirmed_rotation,20,15,15,5,0,15,0,0,15,0.0,,8915.2802,0.0,500,500.8066,10691.5987,-3654.382800000001,-7.296994089135409,10,10,0,1.0,14345.981500000002,14290.52824,201.21850869430045,13.155249999999796,402.4370173886009,1
DECOMPOSED_3CD,SAFETY,BATCH_ACCEPTED,1,after_valid_B2_acceptance,20,20,20,0,0,19,1,0,20,0.05,TABLE_ALIGNMENT_TIMEOUT:1,0.06745,0.0,500,500.7483,10198.3486,-4147.632900000002,-8.282869657270933,10,10,0,1.0,14345.981500000002,14290.52824,201.21850869430045,13.155249999999796,402.4370173886009,1
DECOMPOSED_3CD,SAFETY,LOADER_DONE,1,after_first_bottle_admitted,20,20,20,0,0,16,4,0,20,0.2,TABLE_ALIGNMENT_TIMEOUT:4,1035.5399499999999,0.0,500,500.6343,10187.52105,-4158.460450000001,-8.306383421990866,10,10,0,1.0,14345.981500000002,14290.52824,201.21850869430045,13.155249999999796,402.4370173886009,1
DECOMPOSED_3CD,SAFETY,CONVEYOR_DONE,1,after_first_bottle_transfer_to_rotary,20,20,20,0,0,17,3,0,20,0.15,TABLE_ALIGNMENT_TIMEOUT:3,2057.0134,0.0,500,500.64914999999996,10186.8957,-4159.085800000003,-8.30738612059963,10,10,0,1.0,14345.981500000002,14290.52824,201.21850869430045,13.155249999999796,402.4370173886009,1
DECOMPOSED_3CD,SAFETY,TABLE_ALIGNED,1,after_first_confirmed_rotation,20,19,19,1,0,19,0,0,19,0.0,,2574.1423,0.0,500,500.7645,10185.457,-4160.524500000001,-8.308345539669848,10,10,0,1.0,14345.981500000002,14290.52824,201.21850869430045,13.155249999999796,402.4370173886009,1
DECOMPOSED_3CD,SAFETY,FILLER_DONE,1,after_first_bottle_fill,20,18,18,2,0,17,1,0,18,0.05555555555555555,TABLE_ALIGNMENT_TIMEOUT:1,3601.0280000000002,0.0,500,500.79904999999997,10188.0785,-4157.903000000002,-8.302537714478497,10,10,0,1.0,14345.981500000002,14290.52824,201.21850869430045,13.155249999999796,402.4370173886009,1
DECOMPOSED_3CD,SAFETY,LID_DONE,1,after_first_bottle_lid,20,19,19,1,0,17,2,0,19,0.10526315789473684,TABLE_ALIGNMENT_TIMEOUT:2,5209.4102,0.0,500,500.9084,10177.6916,-4168.289900000002,-8.321461368984831,10,10,0,1.0,14345.981500000002,14290.52824,201.21850869430045,13.155249999999796,402.4370173886009,1
DECOMPOSED_3CD,SAFETY,CAPPER_DONE,1,after_first_bottle_cap,20,17,17,3,0,17,0,0,17,0.0,,6767.7351,0.0,500,500.8806,10192.6351,-4153.346400000002,-8.292088773252551,10,10,0,1.0,14345.981500000002,14290.52824,201.21850869430045,13.155249999999796,402.4370173886009,1
DECOMPOSED_3CD,SAFETY,LABELLER_DONE,1,after_first_bottle_label,20,17,17,3,0,17,0,0,17,0.0,,8975.7205,0.0,500,500.7608,10181.7491,-4164.232400000001,-8.315811461280516,10,10,0,1.0,14345.981500000002,14290.52824,201.21850869430045,13.155249999999796,402.4370173886009,1
DECOMPOSED_3CD,SAFETY,UNLOADER_DONE,1,after_first_bottle_completion,20,15,15,5,0,15,0,0,0,0.0,,10095.287,0.0,500,95.7608,10189.9713,-4156.010200000002,-43.39991102831223,10,10,0,1.0,14345.981500000002,14290.52824,201.21850869430045,13.155249999999796,402.4370173886009,1
DECOMPOSED_3CD,SAFETY,LOADER_DONE,2,after_second_bottle_admitted,20,16,16,4,0,16,0,0,16,0.0,,3590.4005500000003,0.0,500,500.48109999999997,10187.428899999999,-4158.552600000002,-8.309110174190398,10,10,0,1.0,14345.981500000002,14290.52824,201.21850869430045,13.155249999999796,402.4370173886009,1
DECOMPOSED_3CD,SAFETY,CONVEYOR_DONE,2,after_second_bottle_transfer_to_rotary,20,18,18,2,0,17,1,0,18,0.05555555555555555,TABLE_ALIGNMENT_TIMEOUT:1,4621.961499999999,0.0,500,500.82325000000003,10189.6317,-4156.349800000002,-8.299035238479846,10,10,0,1.0,14345.981500000002,14290.52824,201.21850869430045,13.155249999999796,402.4370173886009,1
DECOMPOSED_3CD,SAFETY,FILLER_DONE,2,after_second_bottle_fill,20,19,19,1,0,18,1,0,19,0.05263157894736842,TABLE_ALIGNMENT_TIMEOUT:1,6166.4407,0.0,500,500.5819,10187.808,-4158.173500000002,-8.306679686181225,10,10,0,1.0,14345.981500000002,14290.52824,201.21850869430045,13.155249999999796,402.4370173886009,1
DECOMPOSED_3CD,SAFETY,TABLE_ALIGNED,3,after_third_confirmed_rotation,20,18,18,2,0,17,1,0,18,0.05555555555555555,TABLE_ALIGNMENT_TIMEOUT:1,6684.115,0.0,500,500.5514,10190.3089,-4155.672600000002,-8.30218954536937,10,10,0,1.0,14345.981500000002,14290.52824,201.21850869430045,13.155249999999796,402.4370173886009,1
DECOMPOSED_3CD,SAFETY,TABLE_ALIGNED,5,after_fifth_confirmed_rotation,20,17,17,3,0,17,0,0,17,0.0,,8909.9263,0.0,500,500.7302,10182.9368,-4163.044700000002,-8.313947710763205,10,10,0,1.0,14345.981500000002,14290.52824,201.21850869430045,13.155249999999796,402.4370173886009,1
