target,architecture,event,occurrence,event_label,attempted_runs,event_matched_runs,event_reachability,actual_injections,injection_rate_per_attempt,matched_not_triggered_runs,not_reached_runs,pre_event_failures,pre_event_failure_rate_per_attempt,no_result_runs,drained_after_injection,faults_after_injection,mission_success_given_injection,mission_success_ci95_low,mission_success_ci95_high,mission_failure_given_injection,mission_failure_ci95_low,mission_failure_ci95_high,halt_recovered_runs,halt_recovery_rate_given_injection,injected_fault_reasons,pre_event_failure_reasons,event_time_median_ms,event_time_q1_ms,event_time_q3_ms,halt_start_lag_median_ms,halt_start_lag_p95_ms,actual_down_median_ms,actual_down_p05_ms,actual_down_p95_ms,down_error_median_ms,down_abs_error_p95_ms,drained_mission_median_ms,fault_terminal_mission_median_ms,drained_remaining_time_median_ms,drained_remaining_time_q1_ms,drained_remaining_time_q3_ms,fault_remaining_time_median_ms
COORDINATOR,CENTRALISED,BATCH_ACCEPTED,1,after_valid_B2_acceptance,20,20,1.0,20,1.0,0,0,0,0.0,0,20,0,1.0,0.8388748419471806,1.0,0.0,0.0,0.16112515805281938,20,1.0,,,0.07375000000000001,0.06040000000000001,0.09875,0.0,0.0,500.8216,500.020575,501.484255,0.8215999999999894,1.4842550000000247,14990.8549,,14990.7398,14980.629924999997,15008.950675,
BATCH,DECOMPOSED_3CD,BATCH_ACCEPTED,1,after_valid_B2_acceptance,20,20,1.0,20,1.0,0,0,0,0.0,0,19,1,0.95,0.763868806553258,0.9911185511992047,0.05,0.008881448800795402,0.23613119344674205,20,1.0,TABLE_ALIGNMENT_TIMEOUT:1,,0.0723,0.067925,0.07825,0.0,0.0,500.58934999999997,500.06830499999995,501.96074999999996,0.589349999999996,1.9607499999999733,10174.9777,17070.6035,10174.9304,10171.49895,10184.58865,17070.528400000003
PRODUCTION,DECOMPOSED_3CD,BATCH_ACCEPTED,1,after_valid_B2_acceptance,20,20,1.0,20,1.0,0,0,0,0.0,0,15,5,0.75,0.531299122381256,0.8881382985923343,0.25,0.11186170140766569,0.468700877618744,20,1.0,TABLE_ALIGNMENT_TIMEOUT:5,,0.0683,0.0562,0.07995,0.0,0.0,500.66875000000005,500.05729,501.93394500000005,0.668750000000017,1.9339450000000227,10675.8425,17560.3228,10675.7631,10663.4149,10681.59405,17560.2556
SAFETY,DECOMPOSED_3CD,BATCH_ACCEPTED,1,after_valid_B2_acceptance,20,20,1.0,20,1.0,0,0,0,0.0,0,19,1,0.95,0.763868806553258,0.9911185511992047,0.05,0.008881448800795402,0.23613119344674205,20,1.0,TABLE_ALIGNMENT_TIMEOUT:1,,0.06745,0.046349999999999995,0.073075,0.0,0.0,500.7483,500.15743,501.728,0.7483000000000004,1.7279999999999747,10198.3486,17068.6329,10198.306799999998,10188.515949999999,10204.107849999999,17068.5674
COORDINATOR,CENTRALISED,LOADER_DONE,1,after_first_bottle_admitted,20,20,1.0,20,1.0,0,0,0,0.0,0,19,1,0.95,0.763868806553258,0.9911185511992047,0.05,0.008881448800795402,0.23613119344674205,20,1.0,TABLE_ALIGNMENT_TIMEOUT:1,,1039.4795,1035.648425,1041.5036249999998,0.0,0.0,500.63485000000003,500.03555,501.64023499999996,0.6348500000000001,1.6402349999999812,10653.4159,26579.4517,9616.6409,9613.7379,9644.4178,25535.882800000003
BATCH,DECOMPOSED_3CD,LOADER_DONE,1,after_first_bottle_admitted,20,20,1.0,20,1.0,0,0,0,0.0,0,19,1,0.95,0.763868806553258,0.9911185511992047,0.05,0.008881448800795402,0.23613119344674205,20,1.0,TABLE_ALIGNMENT_TIMEOUT:1,,1037.24385,1035.86205,1038.36645,0.0,0.0,500.98245,500.1363,501.50691,0.98245,1.5069100000000193,10187.1909,17072.4748,9150.3533,9146.1309,9160.58975,16035.678
PRODUCTION,DECOMPOSED_3CD,LOADER_DONE,1,after_first_bottle_admitted,20,20,1.0,20,1.0,0,0,0,0.0,0,14,6,0.7,0.4810271816464765,0.8545227551323956,0.3,0.1454772448676043,0.5189728183535235,20,1.0,TABLE_ALIGNMENT_TIMEOUT:6,,1035.81395,1034.00945,1037.16925,0.0,0.0,500.8603,500.38722,501.835495,0.8602999999999952,1.835494999999986,10676.4529,17569.5003,9639.3948,9633.269375,9645.0162,16532.42825
SAFETY,DECOMPOSED_3CD,LOADER_DONE,1,after_first_bottle_admitted,20,20,1.0,20,1.0,0,0,0,0.0,0,16,4,0.8,0.5839825677481065,0.9193423374202019,0.2,0.08065766257979809,0.4160174322518936,20,1.0,TABLE_ALIGNMENT_TIMEOUT:4,,1035.5399499999999,1034.815425,1037.069125,0.0,0.0,500.6343,500.11471500000005,501.77047500000003,0.6342999999999961,1.7704750000000247,10187.52105,18349.4842,9151.855899999999,9147.719874999999,9158.351375,17312.728349999998
COORDINATOR,CENTRALISED,CONVEYOR_DONE,1,after_first_bottle_transfer_to_rotary,20,20,1.0,20,1.0,0,0,0,0.0,0,17,3,0.85,0.6395811352592431,0.9476312541037835,0.15,0.052368745896216595,0.36041886474075696,20,1.0,TABLE_ALIGNMENT_TIMEOUT:3,,2058.5281999999997,2056.5287,2061.4818750000004,0.0,0.0,501.03175,500.03202500000003,501.93157,1.0317499999999882,1.9315700000000164,10673.1288,17565.6633,8615.9656,8606.3839,8623.878700000001,15505.2353
BATCH,DECOMPOSED_3CD,CONVEYOR_DONE,1,after_first_bottle_transfer_to_rotary,20,20,1.0,20,1.0,0,0,0,0.0,0,17,3,0.85,0.6395811352592431,0.9476312541037835,0.15,0.052368745896216595,0.36041886474075696,20,1.0,TABLE_ALIGNMENT_TIMEOUT:3,,2060.24325,2058.433825,2062.4447,0.0,0.0,500.6574,500.18032,501.11311,0.6573999999999955,1.1131100000000205,10188.3741,17069.1278,8127.862800000001,8121.6426,8132.2717,15010.476700000001
PRODUCTION,DECOMPOSED_3CD,CONVEYOR_DONE,1,after_first_bottle_transfer_to_rotary,20,20,1.0,20,1.0,0,0,0,0.0,0,13,7,0.65,0.43285427668523624,0.818808175898918,0.35,0.18119182410108206,0.5671457233147638,20,1.0,TABLE_ALIGNMENT_TIMEOUT:7,,2060.7045,2058.1272499999995,2063.810375,0.0,0.0,500.72785,500.08516499999996,501.98587000000003,0.7278500000000179,1.9858700000000027,10683.3896,17568.005,8622.5075,8616.6978,8633.238000000001,15507.648299999999
SAFETY,DECOMPOSED_3CD,CONVEYOR_DONE,1,after_first_bottle_transfer_to_rotary,20,20,1.0,20,1.0,0,0,0,0.0,0,17,3,0.85,0.6395811352592431,0.9476312541037835,0.15,0.052368745896216595,0.36041886474075696,20,1.0,TABLE_ALIGNMENT_TIMEOUT:3,,2057.0134,2055.6524,2059.362175,0.0,0.0,500.64914999999996,500.06242499999996,501.469445,0.6491499999999917,1.4694450000000192,10186.8957,17064.5902,8132.570600000001,8120.673499999999,8137.312,15009.2416
COORDINATOR,CENTRALISED,TABLE_ALIGNED,1,after_first_confirmed_rotation,20,16,0.8,16,0.8,0,4,4,0.2,0,16,0,1.0,0.8063923194655637,1.0,0.0,0.0,0.1936076805344365,16,1.0,,TABLE_ALIGNMENT_TIMEOUT:4,2572.31405,2570.2486499999995,2574.7676,0.0,0.0,501.01014999999995,500.108075,502.009275,1.0101499999999817,2.0092750000000024,10657.0475,,8083.4537,8075.761225,8097.1908,
BATCH,DECOMPOSED_3CD,TABLE_ALIGNED,1,after_first_confirmed_rotation,20,19,0.95,19,0.95,0,1,1,0.05,0,17,2,0.8947368421052632,0.6860591728889099,0.9706414397011299,0.10526315789473684,0.02935856029887013,0.31394082711109006,19,1.0,TABLE_ALIGNMENT_TIMEOUT:2,TABLE_ALIGNMENT_TIMEOUT:1,2575.075,2573.1677,2578.0281,0.0,0.0,500.735,500.00849,501.11695,0.7350000000000136,1.1169500000000134,10186.927,21516.702250000002,7610.1455,7605.7426,7620.2637,18946.040699999998
PRODUCTION,DECOMPOSED_3CD,TABLE_ALIGNED,1,after_first_confirmed_rotation,20,19,0.95,19,0.95,0,1,1,0.05,0,19,0,1.0,0.8318207759473837,1.0,0.0,0.0,0.16817922405261626,19,1.0,,TABLE_ALIGNMENT_TIMEOUT:1,2574.7669,2572.6462,2577.08325,0.0,0.0,500.5365,500.0593,501.73726,0.5364999999999895,1.7372600000000085,10681.7437,,8107.2953,8104.54165,8117.8326,
SAFETY,DECOMPOSED_3CD,TABLE_ALIGNED,1,after_first_confirmed_rotation,20,19,0.95,19,0.95,0,1,1,0.05,0,19,0,1.0,0.8318207759473837,1.0,0.0,0.0,0.16817922405261626,19,1.0,,TABLE_ALIGNMENT_TIMEOUT:1,2574.1423,2572.5691500000003,2575.0962,0.0,0.0,500.7645,500.11752,501.42302,0.7644999999999982,1.4230200000000124,10185.457,,7610.206299999999,7605.2137,7617.023499999999,
COORDINATOR,CENTRALISED,FILLER_DONE,1,after_first_bottle_fill,20,16,0.8,16,0.8,0,4,4,0.2,0,12,4,0.75,0.5050168346449122,0.8981793250878696,0.25,0.10182067491213048,0.49498316535508774,16,1.0,TABLE_ALIGNMENT_TIMEOUT:4,TABLE_ALIGNMENT_TIMEOUT:4,3594.9377000000004,3592.5955,3598.3553,0.0,0.0,500.73900000000003,500.156725,501.849175,0.7390000000000043,1.8491749999999882,10674.297050000001,21970.7528,7079.5021,7056.214,7085.3333,18376.6089
BATCH,DECOMPOSED_3CD,FILLER_DONE,1,after_first_bottle_fill,20,19,0.95,19,0.95,0,1,1,0.05,0,18,1,0.9473684210526315,0.753612688331012,0.9906480059376995,0.05263157894736842,0.009351994062300362,0.24638731166898786,19,1.0,TABLE_ALIGNMENT_TIMEOUT:1,TABLE_ALIGNMENT_TIMEOUT:1,3602.1267,3598.54065,3604.89545,0.0,0.0,500.8553,500.17118999999997,501.77624000000003,0.8552999999999997,1.7762399999999896,10192.6659,19627.3845,6592.6733,6583.69835,6599.2155,16032.3142
PRODUCTION,DECOMPOSED_3CD,FILLER_DONE,1,after_first_bottle_fill,20,15,0.75,15,0.75,0,5,5,0.25,0,14,1,0.9333333333333333,0.7018347012621998,0.9881331045067315,0.06666666666666667,0.011866895493268553,0.2981652987378003,15,1.0,TABLE_ALIGNMENT_TIMEOUT:1,TABLE_ALIGNMENT_TIMEOUT:5,3600.3662,3596.5422,3602.9852499999997,0.0,0.0,500.5721,500.09667,501.50185999999997,0.5720999999999776,1.5018599999999873,10684.6896,22284.9037,7086.2018,7078.252200000001,7091.47905,18680.1933
SAFETY,DECOMPOSED_3CD,FILLER_DONE,1,after_first_bottle_fill,20,18,0.9,18,0.9,0,2,2,0.1,0,17,1,0.9444444444444444,0.7424269921812741,0.990124809021697,0.05555555555555555,0.009875190978303097,0.25757300781872594,18,1.0,TABLE_ALIGNMENT_TIMEOUT:1,TABLE_ALIGNMENT_TIMEOUT:2,3601.0280000000002,3595.143775,3602.1236,0.0,0.0,500.79904999999997,500.30116499999997,501.630905,0.799049999999994,1.6309050000000183,10188.0785,19627.7793,6592.211799999999,6583.3596,6597.623799999999,16033.7676
COORDINATOR,CENTRALISED,LID_DONE,1,after_first_bottle_lid,20,16,0.8,16,0.8,0,4,4,0.2,0,12,4,0.75,0.5050168346449122,0.8981793250878696,0.25,0.10182067491213048,0.49498316535508774,16,1.0,TABLE_ALIGNMENT_TIMEOUT:4,TABLE_ALIGNMENT_TIMEOUT:4,5204.819149999999,5199.619925,5207.661925,0.0,0.0,500.6087,500.151275,501.8472,0.6086999999999989,1.847200000000015,10170.0449,23381.5985,4970.06735,4958.374725000001,4982.4534,18181.4767
BATCH,DECOMPOSED_3CD,LID_DONE,1,after_first_bottle_lid,20,18,0.9,18,0.9,0,2,2,0.1,0,15,3,0.8333333333333334,0.6077796189608429,0.9416342319413855,0.16666666666666666,0.05836576805861446,0.39222038103915724,18,1.0,TABLE_ALIGNMENT_TIMEOUT:3,TABLE_ALIGNMENT_TIMEOUT:2,5207.6243,5204.18165,5210.932025,0.0,0.0,501.05275,500.31085999999993,501.82046,1.0527500000000032,1.8204599999999875,10184.332,21772.7152,4979.090499999999,4973.296700000001,4984.04275,16570.047899999998
PRODUCTION,DECOMPOSED_3CD,LID_DONE,1,after_first_bottle_lid,20,16,0.8,16,0.8,0,4,4,0.2,0,15,1,0.9375,0.7167126242970107,0.9888806552353576,0.0625,0.01111934476464252,0.28328737570298945,16,1.0,TABLE_ALIGNMENT_TIMEOUT:1,TABLE_ALIGNMENT_TIMEOUT:4,5211.9688,5207.59915,5215.66195,0.0,0.0,500.71205,500.278,501.81115,0.712050000000005,1.811150000000012,10181.856,23400.5133,4970.7524,4966.0085500000005,4979.8688,18196.576399999998
SAFETY,DECOMPOSED_3CD,LID_DONE,1,after_first_bottle_lid,20,19,0.95,19,0.95,0,1,1,0.05,0,17,2,0.8947368421052632,0.6860591728889099,0.9706414397011299,0.10526315789473684,0.02935856029887013,0.31394082711109006,19,1.0,TABLE_ALIGNMENT_TIMEOUT:2,TABLE_ALIGNMENT_TIMEOUT:1,5209.4102,5206.3074,5211.2033,0.0,0.0,500.9084,500.07770999999997,501.73066,0.9083999999999719,1.7306599999999885,10177.6916,21476.4,4971.7466,4966.0562,4975.052700000001,16270.1435
COORDINATOR,CENTRALISED,CAPPER_DONE,1,after_first_bottle_cap,20,17,0.85,17,0.85,0,3,3,0.15,0,17,0,1.0,0.8156818649911483,1.0,0.0,0.0,0.1843181350088518,17,1.0,,TABLE_ALIGNMENT_TIMEOUT:3,6762.2764,6760.2574,6766.7822,0.0,0.0,500.7519,500.09529999999995,501.67959999999994,0.7518999999999778,1.6795999999999822,10674.8972,,3911.3397999999997,3907.9320000000007,3920.3487000000005,
BATCH,DECOMPOSED_3CD,CAPPER_DONE,1,after_first_bottle_cap,20,18,0.9,18,0.9,0,2,2,0.1,0,17,1,0.9444444444444444,0.7424269921812741,0.990124809021697,0.05555555555555555,0.009875190978303097,0.25757300781872594,18,1.0,TABLE_ALIGNMENT_TIMEOUT:1,TABLE_ALIGNMENT_TIMEOUT:2,6764.90815,6762.8382,6767.535800000001,0.0,0.0,501.1893,500.14135,501.71811999999994,1.189300000000003,1.7181199999999788,10185.3142,23407.7442,3424.7066999999997,3420.662199999999,3429.602500000001,16638.4774
PRODUCTION,DECOMPOSED_3CD,CAPPER_DONE,1,after_first_bottle_cap,20,18,0.9,18,0.9,0,2,2,0.1,0,17,1,0.9444444444444444,0.7424269921812741,0.990124809021697,0.05555555555555555,0.009875190978303097,0.25757300781872594,18,1.0,TABLE_ALIGNMENT_TIMEOUT:1,TABLE_ALIGNMENT_TIMEOUT:2,6766.7293,6763.320450000001,6768.594375000001,0.0,0.0,500.8858,500.059955,501.92780000000005,0.885799999999989,1.9278000000000077,10683.3033,23905.4461,3916.6048999999994,3912.897,3924.9402,17137.5836
SAFETY,DECOMPOSED_3CD,CAPPER_DONE,1,after_first_bottle_cap,20,17,0.85,17,0.85,0,3,3,0.15,0,17,0,1.0,0.8156818649911483,1.0,0.0,0.0,0.1843181350088518,17,1.0,,TABLE_ALIGNMENT_TIMEOUT:3,6767.7351,6764.8677,6770.5521,0.0,0.0,500.8806,500.23091999999997,501.80898,0.8806000000000154,1.808979999999997,10192.6351,,3425.5429999999997,3422.3001000000004,3430.617800000001,
COORDINATOR,CENTRALISED,LABELLER_DONE,1,after_first_bottle_label,20,17,0.85,17,0.85,0,3,3,0.15,0,17,0,1.0,0.8156818649911483,1.0,0.0,0.0,0.1843181350088518,17,1.0,,TABLE_ALIGNMENT_TIMEOUT:3,8986.4265,8980.128,8990.3361,0.0,0.0,500.8927,500.2555,501.55716,0.8926999999999907,1.5571599999999988,10687.8352,,1701.6813999999995,1697.4316999999992,1704.4697000000015,
BATCH,DECOMPOSED_3CD,LABELLER_DONE,1,after_first_bottle_label,20,15,0.75,15,0.75,0,5,5,0.25,0,15,0,1.0,0.7961166989641515,1.0,0.0,0.0,0.20388330103584862,15,1.0,,TABLE_ALIGNMENT_TIMEOUT:5,8980.7991,8975.91605,8985.122299999999,0.0,0.0,500.8404,500.06418,501.93978999999996,0.8403999999999883,1.9397899999999821,10187.1025,,1206.6836000000003,1205.4582499999997,1211.0656499999996,
PRODUCTION,DECOMPOSED_3CD,LABELLER_DONE,1,after_first_bottle_label,20,19,0.95,19,0.95,0,1,1,0.05,0,19,0,1.0,0.8318207759473837,1.0,0.0,0.0,0.16817922405261626,19,1.0,,TABLE_ALIGNMENT_TIMEOUT:1,8976.6338,8971.988399999998,8979.389,0.0,0.0,500.7748,500.11215,501.35768999999993,0.7748000000000275,1.357689999999979,10677.5652,,1702.0902999999998,1698.6638000000003,1705.05195,
SAFETY,DECOMPOSED_3CD,LABELLER_DONE,1,after_first_bottle_label,20,17,0.85,17,0.85,0,3,3,0.15,0,17,0,1.0,0.8156818649911483,1.0,0.0,0.0,0.1843181350088518,17,1.0,,TABLE_ALIGNMENT_TIMEOUT:3,8975.7205,8969.3219,8977.8614,0.0,0.0,500.7608,500.32964,501.4498,0.7608000000000175,1.449799999999993,10181.7491,,1209.3745999999992,1207.207699999999,1215.6311999999998,
COORDINATOR,CENTRALISED,UNLOADER_DONE,1,after_first_bottle_completion,20,16,0.8,16,0.8,0,4,4,0.2,0,16,0,1.0,0.8063923194655637,1.0,0.0,0.0,0.1936076805344365,16,1.0,,TABLE_ALIGNMENT_TIMEOUT:4,10090.8335,10083.832325000001,10097.374225,0.0,0.0,500.7659,500.17387499999995,501.54024999999996,0.7658999999999878,1.5402500000000003,10671.2102,,578.6275500000002,577.0425499999992,581.409075,
BATCH,DECOMPOSED_3CD,UNLOADER_DONE,1,after_first_bottle_completion,20,17,0.85,17,0.85,0,3,3,0.15,0,17,0,1.0,0.8156818649911483,1.0,0.0,0.0,0.1843181350088518,17,1.0,,TABLE_ALIGNMENT_TIMEOUT:3,10086.6919,10085.123,10104.1472,0.0,0.0,500.5752,500.06898,501.77004,0.5751999999999953,1.7700400000000172,10590.9294,,503.78139999999985,503.5714000000007,504.47700000000077,
PRODUCTION,DECOMPOSED_3CD,UNLOADER_DONE,1,after_first_bottle_completion,20,17,0.85,17,0.85,0,3,3,0.15,0,17,0,1.0,0.8156818649911483,1.0,0.0,0.0,0.1843181350088518,17,1.0,,TABLE_ALIGNMENT_TIMEOUT:3,10085.36,10083.4065,10096.3186,0.0,0.0,501.1135,500.13324,501.82284000000004,1.1134999999999877,1.8228400000000078,10670.4283,,582.3844000000008,580.2408999999989,585.5696000000007,
SAFETY,DECOMPOSED_3CD,UNLOADER_DONE,1,after_first_bottle_completion,20,15,0.75,15,0.75,0,5,5,0.25,0,15,0,1.0,0.7961166989641515,1.0,0.0,0.0,0.20388330103584862,0,0.0,,TABLE_ALIGNMENT_TIMEOUT:5,10095.287,10088.3498,10098.1473,0.0,0.0,95.7608,91.73812,101.0029,-404.2392,408.26187999999996,10189.9713,,95.76080000000002,93.50420000000122,97.25714999999946,
COORDINATOR,CENTRALISED,LOADER_DONE,2,after_second_bottle_admitted,20,17,0.85,17,0.85,0,3,3,0.15,0,17,0,1.0,0.8156818649911483,1.0,0.0,0.0,0.1843181350088518,17,1.0,,TABLE_ALIGNMENT_TIMEOUT:3,3593.0987,3589.2225,3595.9174,0.0,0.0,500.9035,500.09652,501.77526,0.9035000000000082,1.775260000000003,10677.0719,,7083.4296,7079.974699999999,7091.1332999999995,
BATCH,DECOMPOSED_3CD,LOADER_DONE,2,after_second_bottle_admitted,20,18,0.9,18,0.9,0,2,2,0.1,0,15,3,0.8333333333333334,0.6077796189608429,0.9416342319413855,0.16666666666666666,0.05836576805861446,0.39222038103915724,18,1.0,TABLE_ALIGNMENT_TIMEOUT:3,TABLE_ALIGNMENT_TIMEOUT:2,3592.1969,3587.6787999999997,3594.626675,0.0,0.0,500.7514,500.07708499999995,501.578105,0.7513999999999896,1.5781050000000219,10190.9824,23400.3537,6598.8814999999995,6592.23285,6605.6992,19806.1719
PRODUCTION,DECOMPOSED_3CD,LOADER_DONE,2,after_second_bottle_admitted,20,17,0.85,17,0.85,0,3,3,0.15,0,16,1,0.9411764705882353,0.7301796936242461,0.9895395990150025,0.058823529411764705,0.01046040098499762,0.269820306375754,17,1.0,TABLE_ALIGNMENT_TIMEOUT:1,TABLE_ALIGNMENT_TIMEOUT:3,3592.0176,3589.1055,3595.4912,0.0,0.0,500.8073,500.125,501.55766,0.8072999999999979,1.5576599999999983,10676.26235,23878.3084,7081.4992999999995,7078.097975000001,7088.358475,20290.064300000002
SAFETY,DECOMPOSED_3CD,LOADER_DONE,2,after_second_bottle_admitted,20,16,0.8,16,0.8,0,4,4,0.2,0,16,0,1.0,0.8063923194655637,1.0,0.0,0.0,0.1936076805344365,16,1.0,,TABLE_ALIGNMENT_TIMEOUT:4,3590.4005500000003,3589.160325,3593.958125,0.0,0.0,500.48109999999997,500.102425,501.411675,0.48109999999999786,1.4116749999999882,10187.428899999999,,6594.8451000000005,6587.534224999999,6600.620649999999,
COORDINATOR,CENTRALISED,CONVEYOR_DONE,2,after_second_bottle_transfer_to_rotary,20,19,0.95,19,0.95,0,1,1,0.05,0,17,2,0.8947368421052632,0.6860591728889099,0.9706414397011299,0.10526315789473684,0.02935856029887013,0.31394082711109006,19,1.0,TABLE_ALIGNMENT_TIMEOUT:2,TABLE_ALIGNMENT_TIMEOUT:1,4620.0936,4616.05045,4624.973,0.0,0.0,500.8972,500.31432,501.96477,0.897199999999998,1.9647699999999928,10681.4064,23892.88455,6056.674299999999,6052.698400000001,6063.7856,19272.89865
BATCH,DECOMPOSED_3CD,CONVEYOR_DONE,2,after_second_bottle_transfer_to_rotary,20,19,0.95,19,0.95,0,1,1,0.05,0,19,0,1.0,0.8318207759473837,1.0,0.0,0.0,0.16817922405261626,19,1.0,,TABLE_ALIGNMENT_TIMEOUT:1,4621.2341,4620.46155,4626.2780999999995,0.0,0.0,500.538,500.03355999999997,501.58737,0.5380000000000109,1.5873699999999977,10186.5733,,5562.145200000001,5556.3493,5570.829449999999,
PRODUCTION,DECOMPOSED_3CD,CONVEYOR_DONE,2,after_second_bottle_transfer_to_rotary,20,20,1.0,20,1.0,0,0,0,0.0,0,17,3,0.85,0.6395811352592431,0.9476312541037835,0.15,0.052368745896216595,0.36041886474075696,20,1.0,TABLE_ALIGNMENT_TIMEOUT:3,,4624.13115,4620.92835,4625.680625,0.0,0.0,500.948,500.040395,501.781465,0.9480000000000075,1.781465000000023,10685.4913,21681.2338,6063.4301000000005,6060.1080999999995,6067.4737,17053.8629
SAFETY,DECOMPOSED_3CD,CONVEYOR_DONE,2,after_second_bottle_transfer_to_rotary,20,18,0.9,18,0.9,0,2,2,0.1,0,17,1,0.9444444444444444,0.7424269921812741,0.990124809021697,0.05555555555555555,0.009875190978303097,0.25757300781872594,18,1.0,TABLE_ALIGNMENT_TIMEOUT:1,TABLE_ALIGNMENT_TIMEOUT:2,4621.961499999999,4619.768725,4624.115024999999,0.0,0.0,500.82325000000003,500.283105,501.75619,0.8232500000000016,1.7561899999999921,10189.6317,23397.2661,5566.1058,5560.455800000001,5571.167800000001,18777.6374
COORDINATOR,CENTRALISED,FILLER_DONE,2,after_second_bottle_fill,20,19,0.95,19,0.95,0,1,1,0.05,0,18,1,0.9473684210526315,0.753612688331012,0.9906480059376995,0.05263157894736842,0.009351994062300362,0.24638731166898786,19,1.0,TABLE_ALIGNMENT_TIMEOUT:1,TABLE_ALIGNMENT_TIMEOUT:1,6168.0107,6163.22305,6171.30875,0.0,0.0,500.7709,500.07426,501.70239999999995,0.7708999999999833,1.7023999999999884,10684.908599999999,21680.1454,4516.96835,4513.00305,4523.949424999999,15508.7291
BATCH,DECOMPOSED_3CD,FILLER_DONE,2,after_second_bottle_fill,20,18,0.9,18,0.9,0,2,2,0.1,0,18,0,1.0,0.8241207763533425,1.0,0.0,1.3877787807814457e-17,0.17587922364665765,18,1.0,,TABLE_ALIGNMENT_TIMEOUT:2,6166.8893499999995,6163.3757000000005,6171.09405,0.0,0.0,500.87390000000005,500.00847,501.782075,0.8739000000000203,1.782075000000023,10189.485850000001,,4022.1507,4018.2436000000007,4028.7528,
PRODUCTION,DECOMPOSED_3CD,FILLER_DONE,2,after_second_bottle_fill,20,17,0.85,17,0.85,0,3,3,0.15,0,16,1,0.9411764705882353,0.7301796936242461,0.9895395990150025,0.058823529411764705,0.01046040098499762,0.269820306375754,17,1.0,TABLE_ALIGNMENT_TIMEOUT:1,TABLE_ALIGNMENT_TIMEOUT:3,6166.845,6162.5564,6169.745,0.0,0.0,501.1797,500.36298000000005,502.0043,1.1797000000000253,2.0043000000000117,10687.13205,22275.5129,4517.0223,4514.363275000001,4528.710999999999,16113.883500000002
SAFETY,DECOMPOSED_3CD,FILLER_DONE,2,after_second_bottle_fill,20,19,0.95,19,0.95,0,1,1,0.05,0,18,1,0.9473684210526315,0.753612688331012,0.9906480059376995,0.05263157894736842,0.009351994062300362,0.24638731166898786,19,1.0,TABLE_ALIGNMENT_TIMEOUT:1,TABLE_ALIGNMENT_TIMEOUT:1,6166.4407,6162.40625,6169.15595,0.0,0.0,500.5819,500.14821,501.85451,0.5819000000000187,1.8545099999999821,10187.808,21786.9292,4021.6111000000005,4016.8892750000005,4024.6164749999994,15618.536099999998
COORDINATOR,CENTRALISED,TABLE_ALIGNED,3,after_third_confirmed_rotation,20,20,1.0,20,1.0,0,0,0,0.0,0,20,0,1.0,0.8388748419471806,1.0,0.0,0.0,0.16112515805281938,20,1.0,,,6682.2384999999995,6678.607175,6685.5735,0.0,0.0,500.6723,500.23595,501.41119499999996,0.672300000000007,1.411194999999978,10683.89235,,4000.8527500000005,3995.170249999999,4009.3528249999995,
BATCH,DECOMPOSED_3CD,TABLE_ALIGNED,3,after_third_confirmed_rotation,20,18,0.9,18,0.9,0,2,2,0.1,0,18,0,1.0,0.8241207763533425,1.0,0.0,1.3877787807814457e-17,0.17587922364665765,18,1.0,,TABLE_ALIGNMENT_TIMEOUT:2,6683.9662499999995,6678.7347,6688.0976,0.0,0.0,500.58315,500.226905,501.880915,0.5831499999999892,1.8809150000000014,10190.659899999999,,3506.1843999999996,3502.541875,3508.9145,
PRODUCTION,DECOMPOSED_3CD,TABLE_ALIGNED,3,after_third_confirmed_rotation,20,20,1.0,20,1.0,0,0,0,0.0,0,16,4,0.8,0.5839825677481065,0.9193423374202019,0.2,0.08065766257979809,0.4160174322518936,20,1.0,TABLE_ALIGNMENT_TIMEOUT:4,,6684.382250000001,6681.2801500000005,6689.713949999999,0.0,0.0,500.64175,500.03285500000004,501.76075499999996,0.6417500000000018,1.7607549999999974,10688.5905,23903.1889,4005.2152499999997,3997.8602000000005,4008.769775,17215.76465
SAFETY,DECOMPOSED_3CD,TABLE_ALIGNED,3,after_third_confirmed_rotation,20,18,0.9,18,0.9,0,2,2,0.1,0,17,1,0.9444444444444444,0.7424269921812741,0.990124809021697,0.05555555555555555,0.009875190978303097,0.25757300781872594,18,1.0,TABLE_ALIGNMENT_TIMEOUT:1,TABLE_ALIGNMENT_TIMEOUT:2,6684.115,6681.236625,6685.2943,0.0,0.0,500.5514,500.05208,501.78089,0.551400000000001,1.7808900000000105,10190.3089,21780.1828,3506.3358,3500.3742,3510.2542999999996,15094.7218
COORDINATOR,CENTRALISED,TABLE_ALIGNED,5,after_fifth_confirmed_rotation,20,15,0.75,15,0.75,0,5,5,0.25,0,15,0,1.0,0.7961166989641515,1.0,0.0,0.0,0.20388330103584862,15,1.0,,TABLE_ALIGNMENT_TIMEOUT:5,8913.4915,8912.3269,8918.413550000001,0.0,0.0,500.567,500.05785000000003,501.62318,0.5670000000000073,1.6231799999999845,10684.7521,,1771.3707999999988,1768.9826999999996,1773.5014500000007,
BATCH,DECOMPOSED_3CD,TABLE_ALIGNED,5,after_fifth_confirmed_rotation,20,16,0.8,16,0.8,0,4,4,0.2,0,16,0,1.0,0.8063923194655637,1.0,0.0,0.0,0.1936076805344365,16,1.0,,TABLE_ALIGNMENT_TIMEOUT:4,8908.8613,8905.868675000002,8915.339825,0.0,0.0,500.80145,500.16395,501.875025,0.8014499999999884,1.8750249999999937,10179.472300000001,,1270.6110000000008,1268.6540500000006,1275.0944249999998,
PRODUCTION,DECOMPOSED_3CD,TABLE_ALIGNED,5,after_fifth_confirmed_rotation,20,15,0.75,15,0.75,0,5,5,0.25,0,15,0,1.0,0.7961166989641515,1.0,0.0,0.0,0.20388330103584862,15,1.0,,TABLE_ALIGNMENT_TIMEOUT:5,8915.2802,8909.94905,8922.135900000001,0.0,0.0,500.8066,500.18440000000004,501.92756999999995,0.8066000000000031,1.9275699999999913,10691.5987,,1776.9213,1772.7188000000006,1780.6062000000002,
SAFETY,DECOMPOSED_3CD,TABLE_ALIGNED,5,after_fifth_confirmed_rotation,20,17,0.85,17,0.85,0,3,3,0.15,0,17,0,1.0,0.8156818649911483,1.0,0.0,0.0,0.1843181350088518,17,1.0,,TABLE_ALIGNMENT_TIMEOUT:3,8909.9263,8907.6384,8912.3063,0.0,0.0,500.7302,500.17106,501.427,0.7302000000000248,1.426999999999998,10182.9368,,1272.4193999999989,1270.5423999999985,1277.545,
