event,occurrence,event_label,reference_target,target,reference_actual_injections,target_actual_injections,reference_failure_probability,target_failure_probability,failure_probability_delta_pp_vs_reference,failure_risk_ratio_vs_reference,reference_success_probability,target_success_probability,success_probability_delta_pp_vs_reference,reference_drained_remaining_median_ms,target_drained_remaining_median_ms,drained_remaining_delta_vs_reference_ms,reference_reachability,target_reachability
BATCH_ACCEPTED,1,after_valid_B2_acceptance,COORDINATOR,BATCH,20,20,0.0,0.05,5.0,,1.0,0.95,-5.000000000000004,14990.7398,10174.9304,-4815.8094,1.0,1.0
BATCH_ACCEPTED,1,after_valid_B2_acceptance,COORDINATOR,PRODUCTION,20,20,0.0,0.25,25.0,,1.0,0.75,-25.0,14990.7398,10675.7631,-4314.976699999999,1.0,1.0
BATCH_ACCEPTED,1,after_valid_B2_acceptance,COORDINATOR,SAFETY,20,20,0.0,0.05,5.0,,1.0,0.95,-5.000000000000004,14990.7398,10198.306799999998,-4792.433000000001,1.0,1.0
LOADER_DONE,1,after_first_bottle_admitted,COORDINATOR,BATCH,20,20,0.05,0.05,0.0,1.0,0.95,0.95,0.0,9616.6409,9150.3533,-466.28759999999966,1.0,1.0
LOADER_DONE,1,after_first_bottle_admitted,COORDINATOR,PRODUCTION,20,20,0.05,0.3,25.0,5.999999999999999,0.95,0.7,-25.0,9616.6409,9639.3948,22.753899999999703,1.0,1.0
LOADER_DONE,1,after_first_bottle_admitted,COORDINATOR,SAFETY,20,20,0.05,0.2,15.000000000000002,4.0,0.95,0.8,-14.999999999999991,9616.6409,9151.855899999999,-464.7850000000017,1.0,1.0
CONVEYOR_DONE,1,after_first_bottle_transfer_to_rotary,COORDINATOR,BATCH,20,20,0.15,0.15,0.0,1.0,0.85,0.85,0.0,8615.9656,8127.862800000001,-488.10279999999875,1.0,1.0
CONVEYOR_DONE,1,after_first_bottle_transfer_to_rotary,COORDINATOR,PRODUCTION,20,20,0.15,0.35,20.0,2.3333333333333335,0.85,0.65,-19.999999999999996,8615.9656,8622.5075,6.541900000000169,1.0,1.0
CONVEYOR_DONE,1,after_first_bottle_transfer_to_rotary,COORDINATOR,SAFETY,20,20,0.15,0.15,0.0,1.0,0.85,0.85,0.0,8615.9656,8132.570600000001,-483.3949999999986,1.0,1.0
TABLE_ALIGNED,1,after_first_confirmed_rotation,COORDINATOR,BATCH,16,19,0.0,0.10526315789473684,10.526315789473683,,1.0,0.8947368421052632,-10.526315789473683,8083.4537,7610.1455,-473.3082000000004,0.8,0.95
TABLE_ALIGNED,1,after_first_confirmed_rotation,COORDINATOR,PRODUCTION,16,19,0.0,0.0,0.0,,1.0,1.0,0.0,8083.4537,8107.2953,23.841599999999744,0.8,0.95
TABLE_ALIGNED,1,after_first_confirmed_rotation,COORDINATOR,SAFETY,16,19,0.0,0.0,0.0,,1.0,1.0,0.0,8083.4537,7610.206299999999,-473.2474000000011,0.8,0.95
FILLER_DONE,1,after_first_bottle_fill,COORDINATOR,BATCH,16,19,0.25,0.05263157894736842,-19.736842105263158,0.21052631578947367,0.75,0.9473684210526315,19.736842105263154,7079.5021,6592.6733,-486.8287999999993,0.8,0.95
FILLER_DONE,1,after_first_bottle_fill,COORDINATOR,PRODUCTION,16,15,0.25,0.06666666666666667,-18.333333333333336,0.26666666666666666,0.75,0.9333333333333333,18.333333333333336,7079.5021,7086.2018,6.699700000000121,0.8,0.75
FILLER_DONE,1,after_first_bottle_fill,COORDINATOR,SAFETY,16,18,0.25,0.05555555555555555,-19.444444444444446,0.2222222222222222,0.75,0.9444444444444444,19.444444444444443,7079.5021,6592.211799999999,-487.29030000000057,0.8,0.9
LID_DONE,1,after_first_bottle_lid,COORDINATOR,BATCH,16,18,0.25,0.16666666666666666,-8.333333333333334,0.6666666666666666,0.75,0.8333333333333334,8.333333333333337,4970.06735,4979.090499999999,9.023149999999077,0.8,0.9
LID_DONE,1,after_first_bottle_lid,COORDINATOR,PRODUCTION,16,16,0.25,0.0625,-18.75,0.25,0.75,0.9375,18.75,4970.06735,4970.7524,0.6850500000000466,0.8,0.8
LID_DONE,1,after_first_bottle_lid,COORDINATOR,SAFETY,16,19,0.25,0.10526315789473684,-14.473684210526317,0.42105263157894735,0.75,0.8947368421052632,14.473684210526317,4970.06735,4971.7466,1.6792500000001382,0.8,0.95
CAPPER_DONE,1,after_first_bottle_cap,COORDINATOR,BATCH,17,18,0.0,0.05555555555555555,5.555555555555555,,1.0,0.9444444444444444,-5.555555555555558,3911.3397999999997,3424.7066999999997,-486.6331,0.85,0.9
CAPPER_DONE,1,after_first_bottle_cap,COORDINATOR,PRODUCTION,17,18,0.0,0.05555555555555555,5.555555555555555,,1.0,0.9444444444444444,-5.555555555555558,3911.3397999999997,3916.6048999999994,5.26509999999962,0.85,0.9
CAPPER_DONE,1,after_first_bottle_cap,COORDINATOR,SAFETY,17,17,0.0,0.0,0.0,,1.0,1.0,0.0,3911.3397999999997,3425.5429999999997,-485.7968000000001,0.85,0.85
LABELLER_DONE,1,after_first_bottle_label,COORDINATOR,BATCH,17,15,0.0,0.0,0.0,,1.0,1.0,0.0,1701.6813999999995,1206.6836000000003,-494.9977999999992,0.85,0.75
LABELLER_DONE,1,after_first_bottle_label,COORDINATOR,PRODUCTION,17,19,0.0,0.0,0.0,,1.0,1.0,0.0,1701.6813999999995,1702.0902999999998,0.408900000000358,0.85,0.95
LABELLER_DONE,1,after_first_bottle_label,COORDINATOR,SAFETY,17,17,0.0,0.0,0.0,,1.0,1.0,0.0,1701.6813999999995,1209.3745999999992,-492.3068000000003,0.85,0.85
UNLOADER_DONE,1,after_first_bottle_completion,COORDINATOR,BATCH,16,17,0.0,0.0,0.0,,1.0,1.0,0.0,578.6275500000002,503.78139999999985,-74.8461500000003,0.8,0.85
UNLOADER_DONE,1,after_first_bottle_completion,COORDINATOR,PRODUCTION,16,17,0.0,0.0,0.0,,1.0,1.0,0.0,578.6275500000002,582.3844000000008,3.756850000000668,0.8,0.85
UNLOADER_DONE,1,after_first_bottle_completion,COORDINATOR,SAFETY,16,15,0.0,0.0,0.0,,1.0,1.0,0.0,578.6275500000002,95.76080000000002,-482.86675000000014,0.8,0.75
LOADER_DONE,2,after_second_bottle_admitted,COORDINATOR,BATCH,17,18,0.0,0.16666666666666666,16.666666666666664,,1.0,0.8333333333333334,-16.666666666666664,7083.4296,6598.8814999999995,-484.5481000000009,0.85,0.9
LOADER_DONE,2,after_second_bottle_admitted,COORDINATOR,PRODUCTION,17,17,0.0,0.058823529411764705,5.88235294117647,,1.0,0.9411764705882353,-5.882352941176472,7083.4296,7081.4992999999995,-1.9303000000008979,0.85,0.85
LOADER_DONE,2,after_second_bottle_admitted,COORDINATOR,SAFETY,17,16,0.0,0.0,0.0,,1.0,1.0,0.0,7083.4296,6594.8451000000005,-488.58449999999993,0.85,0.8
CONVEYOR_DONE,2,after_second_bottle_transfer_to_rotary,COORDINATOR,BATCH,19,19,0.10526315789473684,0.0,-10.526315789473683,0.0,0.8947368421052632,1.0,10.526315789473683,6056.674299999999,5562.145200000001,-494.5290999999979,0.95,0.95
CONVEYOR_DONE,2,after_second_bottle_transfer_to_rotary,COORDINATOR,PRODUCTION,19,20,0.10526315789473684,0.15,4.473684210526316,1.425,0.8947368421052632,0.85,-4.473684210526319,6056.674299999999,6063.4301000000005,6.755800000001727,0.95,1.0
CONVEYOR_DONE,2,after_second_bottle_transfer_to_rotary,COORDINATOR,SAFETY,19,18,0.10526315789473684,0.05555555555555555,-4.970760233918129,0.5277777777777778,0.8947368421052632,0.9444444444444444,4.970760233918126,6056.674299999999,5566.1058,-490.5684999999985,0.95,0.9
FILLER_DONE,2,after_second_bottle_fill,COORDINATOR,BATCH,19,18,0.05263157894736842,0.0,-5.263157894736842,0.0,0.9473684210526315,1.0,5.263157894736848,4516.96835,4022.1507,-494.81764999999996,0.95,0.9
FILLER_DONE,2,after_second_bottle_fill,COORDINATOR,PRODUCTION,19,17,0.05263157894736842,0.058823529411764705,0.6191950464396287,1.1176470588235294,0.9473684210526315,0.9411764705882353,-0.6191950464396245,4516.96835,4517.0223,0.05394999999953143,0.95,0.85
FILLER_DONE,2,after_second_bottle_fill,COORDINATOR,SAFETY,19,19,0.05263157894736842,0.05263157894736842,0.0,1.0,0.9473684210526315,0.9473684210526315,0.0,4516.96835,4021.6111000000005,-495.35724999999957,0.95,0.95
TABLE_ALIGNED,3,after_third_confirmed_rotation,COORDINATOR,BATCH,20,18,0.0,0.0,0.0,,1.0,1.0,0.0,4000.8527500000005,3506.1843999999996,-494.6683500000008,1.0,0.9
TABLE_ALIGNED,3,after_third_confirmed_rotation,COORDINATOR,PRODUCTION,20,20,0.0,0.2,20.0,,1.0,0.8,-19.999999999999996,4000.8527500000005,4005.2152499999997,4.362499999999272,1.0,1.0
TABLE_ALIGNED,3,after_third_confirmed_rotation,COORDINATOR,SAFETY,20,18,0.0,0.05555555555555555,5.555555555555555,,1.0,0.9444444444444444,-5.555555555555558,4000.8527500000005,3506.3358,-494.51695000000063,1.0,0.9
TABLE_ALIGNED,5,after_fifth_confirmed_rotation,COORDINATOR,BATCH,15,16,0.0,0.0,0.0,,1.0,1.0,0.0,1771.3707999999988,1270.6110000000008,-500.759799999998,0.75,0.8
TABLE_ALIGNED,5,after_fifth_confirmed_rotation,COORDINATOR,PRODUCTION,15,15,0.0,0.0,0.0,,1.0,1.0,0.0,1771.3707999999988,1776.9213,5.550500000001193,0.75,0.75
TABLE_ALIGNED,5,after_fifth_confirmed_rotation,COORDINATOR,SAFETY,15,17,0.0,0.0,0.0,,1.0,1.0,0.0,1771.3707999999988,1272.4193999999989,-498.9513999999999,0.75,0.85
